param_classifier__learning_rate,param_classifier__max_depth,param_classifier__n_estimators,param_classifier__subsample,mean_test_score,std_test_score,rank_test_score
0.2,8,400,0.8,0.5014671335414125,0.0016176092351762202,1
0.2,8,400,1.0,0.5011115031141573,0.002741651244715735,2
0.1,8,400,0.8,0.49400054553007583,0.0018647982206394262,3
0.2,8,200,0.8,0.4929095271542532,0.0011832718895857812,4
0.2,6,400,0.8,0.49149836877732644,0.0018998275335162568,5
0.2,8,200,1.0,0.491379986308531,0.0022787194785253363,6
0.1,8,400,1.0,0.4908131395439929,0.0016271774367421763,7
0.2,6,400,1.0,0.4903978880696798,0.0013593672375523595,8
0.05,8,400,0.8,0.4852480199659186,0.0017802732124528803,9
0.2,6,200,0.8,0.48501961879248623,0.0021726554969138095,10
0.1,8,200,0.8,0.48478813705806684,0.0019258517650455843,11
0.1,6,400,0.8,0.48429600460966515,0.0018365185400343398,12
0.2,6,200,1.0,0.483264070547607,0.0018326580020024401,13
0.1,8,200,1.0,0.4832396598105348,0.002049777731497985,14
0.1,6,400,1.0,0.4829636076896791,0.001711312477730808,15
0.05,8,400,1.0,0.4826313689877873,0.001406062502354461,16
0.2,4,400,0.8,0.47982512718252845,0.002112388754800233,17
0.2,4,400,1.0,0.4788963195097246,0.0017159401547956494,18
0.05,8,200,0.8,0.4769015720069872,0.0020144907093710305,19
0.05,6,400,0.8,0.47645967134014455,0.0018930523538697504,20
0.1,6,200,0.8,0.47621328027563486,0.0022903746176442335,21
0.05,8,200,1.0,0.47541417558049637,0.00130349151381398,22
0.1,6,200,1.0,0.47439147629865525,0.0021661894348238074,23
0.05,6,400,1.0,0.4735190473884922,0.0023387238588012103,24
0.1,4,400,0.8,0.4712210757746977,0.002495461407143643,25
0.2,4,200,0.8,0.4708404304661132,0.0028089426520954536,26
0.2,4,200,1.0,0.46844442098213834,0.002544012187536032,27
0.1,4,400,1.0,0.46650272273839394,0.001984214547524157,28
0.05,6,200,0.8,0.4654954387461944,0.001954408007858438,29
0.05,6,200,1.0,0.4640504392928079,0.0023425563440195754,30
0.1,4,200,0.8,0.45899083069967633,0.0029687658040509425,31
0.05,4,400,0.8,0.45830909456454716,0.0018985982182126038,32
0.1,4,200,1.0,0.45719877182935303,0.001915128666510659,33
0.05,4,400,1.0,0.45657016194497063,0.002544024276230522,34
0.05,4,200,0.8,0.45323756464678544,0.0023436613415165285,35
0.05,4,200,1.0,0.452145081203745,0.0025688089183430055,36
